Category,Category_Income_Dollars
Computers,4092508.3684951067
"Cell phones",1416179.7710785866
"Cameras and camcorders",1338335.0293006897
"Home Appliances",1184383.6165504456
"TV and Video",984817.8817062378
"Music, Movies and Audio Books",633867.188117981
Audio,496022.4532737732
"Games and Toys",169344.30863285065
