Quarter,Sum_Income_Euros
1,4303651.0425681025
2,2804069.903381216
3,4010822.878380181
4,5205238.780234332
