CustomerKey,Name,Sum_Customer_Purchase_Dollars
2001755,"Mie Huus",33275.469955444336
1363803,"Erin Stevens",25608.739532470703
1282801,"Cassandra Garzon",24531.649686813354
1334387,"Kyle Valentine",24474
2057050,"Fabricia Escamilla",23834.9296875
